name,collection_id
... Blood Collection,745329
... Has Fallen Collection,386534
... mit Hindernissen - Filmreihe,534537
[REC] Collection,74508
00 Schneider Filmreihe,265709
08/15 Collection,59009
10 giorni con...,708574
101 Dalmatians (Animated) Collection,100693
101 Dalmatians (Live-Action) Collection,124916
12 Dogs of Christmas Collection,494334
12 Rounds Collection,221622
1313 Collection,471259
1981 Collection,490348
2 Days In... Collection,138908
2 für alle Fälle Filmreihe,655810
2001 Maniacs Collection,285130
20th Century Boys Collection,17149
28 Days/Weeks Later Collection,1565
2-Headed Shark Attack Collection,494838
3 Men (Original) Collection,12141
3 Men Collection,107688
3 Ninja Kids Collection,71458
30 Days of Night Collection,91660
300 Collection,125570
47 Meters Down Collection,635922
47 Ronin Collection,732461
48 Hrs. Collection,93295
7 goldene Männer Filmreihe,366259
8MM Collection,387618
9½ Weeks Collection,121195
976-EVIL Collection,135501
A Better Tomorrow Collection,99635
A Chinese Ghost Story Collection,9046
A Christmas Prince Collection,526203
A Christmas Story Collection,201873
A Coming Of Angels,468687
A Doggone Collection,695763
A Dog's Purpose Collection,591028
A Few Best Men Collection,466004
A Fixer Upper Mystery Collection,449244
A Golden Christmas Collection,237444
A Goofy Movie Collection,410261
A Haunted House Collection,251937
A Man Called Horse Collection,383632
A Martha's Vineyard Mystery Collection,679080
A Moment of Romance Collection,370667
A Nightmare on Elm Street Collection,8581
A Quiet Place Collection,521226
A Rainbow Plays in My Heart Collection,709107
A Spasso Nel Tempo - Collezione,43054
A Taxing Woman Collection,532325
A Thief in the Night,308644
A Tight Spot Collection,478781
Aashiqui Collection,282971
Ab Tak Chhappan Collection,744686
Abashiri Prison Collection,633579
Abdulaziz Alessa,537279
Abel Gance's Napoleon,703821
About Love Collection,506085
Abunai Deka Collection,507044
Ace Ventura Collection,3167
Aces Go Places Collection,2643
Addams Family Collection,11716
Admiral Yi series,660359
Adventure Time Collection,710393
Adventures of a ...,329220
Adventures of Bailey Collection,525523
Adventures of Mowgli,195071
Afro Samurai Collection,588465
After Collection,702624
After Porn Ends Collection,508128
Against the Wild Collection,445496
Agent 00 Collection,650699
Agent 3S3 Filmreihe,531173
Agent Cody Banks Collection,91427
Aïcha,427601
Air Bud Collection,97445
Airplane Collection,91663
Airport Collection,33938
Akumyo Collection,633111
Aladdin Collection,86027
Aladdin Collection,748401
Alex Cross Collection,142680
Alfie Collection,689670
Alfons Karásek (kolekce),561028
Algjör Sveppi,320953
Alice in Wonderland Collection,261307
Alien Avengers Collection,482721
Alien Collection,8091
Alien Nation Collection,174245
Alien: Covenant Short Films,697022
Alienation Trilogy,441439
Aliens Ate My Homework Collection,730742
All American Girls Collection,469745
All Dogs Go to Heaven Collection,140910
All for ...,216435
All Hallow's Eve Collection,442195
All of My Heart Collection,480160
All Stars Collection,257071
Allan Quatermain,135502
Allan Quatermain (1950 series),135508
Allein unter … Filmreihe,426474
Alles was recht ist Filmreihe,456520
Alligator Collection,124934
Alligator Ladies Collection,667185
Allmen Collection,660967
Almighty Collection,124949
Alone in the Dark Collection,149704
Along with the Gods Collection,531566
Alpenglühen Filmreihe,587579
Alpha and Omega Collection,241729
Alvin and the Chipmunks Collection,167613
Always: Sunset on Third Street Collection,463394
American Addict Collection,478545
American Civil War Collection,725681
American Graffiti Collection,124950
American Ninja Collection,91945
American Pie (Spin-off) Collection,298820
American Pie Collection,2806
American Poltergeist,725456
American Psycho Collection,86105
American Yakuza Collection,628075
Americká cesta ke svobodě,653308
An American Girl Collection,25542
An American Tail Collection,8783
An American Werewolf Collection,9380
An Inconvenient Truth Collection,539554
Anaconda Collection,105995
Analyze Collection,110127
Anastasia Collection,694602
Anatomy Collection,8412
Anche gli angeli... - Collezione,296358
Anchorman Collection,93791
Anděl Páně (kolekce),464688
Andy Hardy Collection,690097
Ang Tanging Ina Collection,527947
Angel Terminators Collection,324142
Angelique Collection,91813
Angels in the ...,508334
Animal Collection,384142
Animal Instincts,592173
Animerama,716923
Anja & Viktor Collection,179042
Anna Filmreihe,525091
Annabelle Collection,402074
Anne Of Green Gables Collection,580524
Annie Collection,312735
Another Gay Movie Collection,102008
Antboy Collection,347469
Antisocial Collection,723282
Ant-Man Collection,422834
Ants in the Pants Collection,133297
Apocalypse Collection,133887
Appleseed Collection,87800
Appleseed XIII Collection,371526
Aquaman Collection,573693
ARCHIE Collection,631252
Are You Scared? Collection,756652
Argo Collection,338313
Armitage III Collection,182371
Armour of God Collection,146136
Arn Collection,86797
Arne Dahl - Collection,106504
Arthur and the Invisibles Collection,85817
Arthur Collection,170754
Ash Lad Collection,619923
Aşk Tesadüfleri Sever,694615
Assassination Classroom Collection,382402
Asterix & Obelix Collection,2396
Asterix and Obelix (Animation) Collection,94039
At Graceland Collection,635929
At the Top,633455
Atlantic Rim Collection,512693
Atlantis Collection,100965
Atlas Shrugged Collection,166381
Atomic Blonde Collection,524837
Ator Collection,48194
Atragon Collection,491775
Attack on Titan (Anime) Collection,383987
Attack on Titan Collection,370411
Attraction Collection,604246
Augsburger Puppenkiste - Das Sams,654155
Aunt Peg Collection,450013
Aurora Teagarden Mystery Collection,521293
Austin Powers Collection,1006
Auton Trilogy collection,702650
Aux origines de l'humanité,61941
Avatar Collection,87096
Avengers Grimm Collection,522577
Avengers XXX,364922
AVP Collection,115762
Ay Lav Yu Serisi,663623
Azumi Collection,101246
Baaghi Collection,506940
Baahubali Collection,350309
Babe Collection,9435
Babovřesky (kolekce),280057
Baby Burlesks,164072
Baby Driver Collection,726865
Baby Geniuses Collection,632595
Babylon 5 Collection,10441
Babysitting,331841
Bachelor Party Collection,466318
Back to the Future Collection,264
Backdraft Collection,597142
Bad Ass Collection,261286
Bad Boys Collection,14890
Bad Girls,162203
Bad Kids Collection,436483
Bad Moms Collection,487376
Bad Santa Collection,423173
Bajo el vestido nada - Colección,623482
Balto Collection,117693
Bambi Collection,87250
Bamsdorf Collection,427400
Bamse Collection,117695
Bandit (Action Pack) Collection,398758
Barbara Wood Film Collection,135325
Barbarian Queen Collection,284111
Barbershop Collection,176097
Barbie & Her Sisters,738821
Barbie & Kendra Collection,704438
Barbie A Mermaid Tale Collection,422361
Barbie Dreamtopia Collection,530783
Barbie Fairytopia Collection,411859
Barbie Mariposa Collection,447622
Barefoot Gen Collection,14095
Barney Collection,350402
Basic Instinct Collection,86336
Basket Case Collection,104716
Básníci (kolekcia),87538
Batman (Adam West) Animation Collection,626517
Batman (DC Universe Animated) Collection,421904
Batman Beyond Collection,379475
Batman Collection,120794
Batman Unlimited Collection,356688
Batman: The Dark Knight Returns Collection,248534
Bats Collection,381396
Battle Royale Collection,16302
Battlestar Galactica (Original) Collection,284151
Battlestar Galactica (Reboot) Collection,91697
Bauernprinzessin Collection,418367
Bayside Shakedown Collection,153202
Baztan Trilogy,687929
Beach Babes Collection,427954
Beach Party Collection,338327
Bearcity Collection,192999
Beastmaster Collection,106000
Beauty and the Beast Collection,153010
Beauty Salon: Special Service Series,705370
Beck Collection,279715
Beckmann und Markowski,478048
Bedside Collection,287969
Beef Collection,502123
Beethoven Collection,168880
Before... Collection,123800
Begotten Collection,476066
Behind Enemy Lines Collection,98513
Behind the Green Door Collection,343037
Bella ... Filmreihe,341427
Belle & Sebastian,455123
Ben 10 Collection,125931
Benvenuti al... Collection,150967
Benvenuto Presidente - Collezione,592744
Bernie the Dolphin Collection,660340
Berserk: Golden Age Arc Collection,118415
Bertram Collection,469512
Best Exotic Marigold Hotel Collection,306937
Best of the Best Collection,153948
Betty Broderick Collection,750317
Beutolomäus Filmreihe,303736
Beverly Hills Chihuahua Collection,87256
Beverly Hills Cop Collection,85861
Beyond the Boundary Collection,432125
Beyond the Prairie Collection,627404
Bezaubernde Marie Filmreihe,378702
Bhoot Collection,752944
Bhoothnath Collection,264317
Bibi & Tina Collection,338889
Bibi Blocksberg Collection,169123
Bibleman Collection,515241
Big Fat Liar Collection,525711
Big Momma's House Collection,44979
Big Zapper Collection,165863
Bikini Summer Collection,362047
Bill & Ted's Most Excellent Collection,91746
Billy Jack Collection,240690
Bionicle Collection,59007
Bird Box Collection,731067
Black Angel series,525317
Black Caesar,534652
Black Cobra,463165
Black Emanuelle Collection,227140
Black Fox Collection,665170
Black Hills Collection,730288
Black Panther Collection,529892
Black Scorpion Collection,319644
Black Water Collection,730166
BlackJack Collection,705137
Blacula Collection,201930
Blade Collection,735
Blade Runner Collection,422837
Blair Witch Collection,64750
Bleach Collection,23497
Blindsided Collection,524795
Blondie Collection,177062
Blood Feast Collection,519018
Bloodfight,288882
Bloodfist Collection,121067
Bloodhounds Collection,666057
BloodRayne Collection,97307
Bloodsport Collection,36694
Bloody Murder - Colección,623480
Blue Collar Comedy Tour Collection,104842
Blue Crush Collection,115839
Blutjunge Verführerinnen Reihe,595022
Bo Burnham Collection,703144
Bob Fleming Collection,635525
Bobule Collection,359402
Body Chemistry Collection,398707
Bohemian Rhapsody Collection,750785
"Bomba, the Jungle Boy",744814
Bon Cop Bad Cop Collection,417491
Bonanza Movie Collection,492980
Bonded by Blood Collection,428672
Boo! A Madea Halloween Collection,501909
Borat Moviefilms,747168
Borgríki Collection,466291
Born Free Collection,354210
Born To Race Collection,294187
Borsalino Collection,369004
Boston Blackie Series,86414
Boule & Bill,472195
Bound Heat,643588
Bounty Hunters Collection,121732
Boys Life (Collection),693950
Boys Town Collection,413937
Brancaleone Collection,251858
Bratz Collection,87103
Breakin' Collection,92222
Brice Collection,442352
Bridget Jones Collection,8936
Brigada Z Collection,160598
Brigade Miscellaneous,620415
Bright Collection,497697
Bring It On Collection,430186
Brooklyn Cigar Store Collection,439053
Brother Bear Collection,96472
Brother Collection,218293
Brotherhood of Blades Collection,486044
Brüder Filmreihe,162309
Bruno & Boots - Collection,673287
Brutal Tales of Chivalry Collection,463148
Buck Privates Collection,489090
Buddenbrooks Collection,307048
Bulldog Drummond (John Howard) Collection,560254
Bulldog Drummond (Richard Johnson) Collection,460334
"Bullets, Bombs, and Babes",736172
Bullit & Riper Collection,297299
Bummer Collection,107461
Burg Schreckenstein Filmreihe,524220
Buried Alive Collection,518611
Burnout Collection,448758
Burnt by the Sun Trilogy,23170
Butch Cassidy and the Sundance Kid Collection,625812
Butter bei die Fische Filmreihe,297913
Byl jednou jeden polda (kolekce),210771
Byomkesh Bakshi Collection,457354
C.H.U.D. Collection,257571
Caballeros Collection,271668
Cabin By The Lake Collection,333398
Cabin Fever Collection,201576
Caddyshack Collection,104847
Cage Collection,626780
Cagney & Lacey Collection,660895
Cal Collection,693008
Calcutta Trilogy,361007
Calcutta Trilogy,717997
Çalgı Çengi Collection,473977
Callaghan - Saga,619702
Caméra Café,160952
Camilla Läckberg,31137
Camp Blood Collection,234835
Camp Rock Collection,148055
Camping Collection,52097
Candyman Collection,98580
Cannonball Run Collection,101688
Caprona (Amicus) Collection,211753
Captain America (1979) Collection,197476
Captain America Collection,131295
Captain Marvel Collection,623911
Captain Robert Surcouf Collection,399930
Captain Underpants Collection,732397
Cardcaptor Sakura Collection,141252
Care Bears Collection,363966
Carlito's Way Collection,625861
Carmen electra's aerobic striptease,387619
Carmina - Colección,418219
Carnosaur Collection,256484
Carrie Collection,257053
Carry On Collection,691608
Cars Collection,87118
Casa Gori - Collezione,361563
Casino Raiders Collection,192170
Casino Tycoon Collection,192171
Casper and Emma Collection,388746
Casper Collection,8819
Casper Og Frank: Nu Som Mennesker,480131
Casteel Series Collection,625337
Cat Girls Gamblers Collection,706894
Cat People Collection,272673
Cat Run Collection,288235
Cats & Dogs Collection,87014
Cattle Hill,645991
Caviar Movies,553812
Cementerio General Collection,636165
Center Stage Collection,246839
C'est quoi cette ... ?!,606179
Cesta (kolekce),653943
Cetto La Qualunque - Collezione,188197
Chaar Sahibzaade Collection,441179
Chained Heat,643572
Chameleon Trilogy,397844
Chanoc Collection,573728
Chaos-Queens Filmreihe,710028
Charlie Chan (Roland Winters) Collection,413663
Charlie Chan (Sidney Toler) Collection,413661
Charlie Chan (Warner Oland) Collection,38451
Charlie's Angels Collection,86029
Charlotte's Web Collection,263193
Chasing The Dragon Collection,707637
Che Collection,86774
Cheaper by the Dozen Collection,114783
Cheaper by the Dozen Collection,730700
Cheech & Chong Collection,33071
Cheerleader Massacre Collection,741219
Cherry Blossoms,587266
Chicken Run Collection,718551
Children of the Corn Collection,115225
Child's Play Collection,10455
Chili Palmer Collection,91698
Chobotnice z II. patra (kolekce),713060
Chocolate City Collection,509215
Christian Wahnschaffe Collection,545617
Christmas in Canaan Collection,636748
Christmas in Evergreen Collection,650446
Chronicle Mysteries Collection,584691
CIA Collection,336051
Cinderella Collection,55419
Cinderella Story Collection,437451
Circuitry Man Collection,96660
Cirkusrevyen,175336
Cirque du Soleil Collection,391739
Cisco Kid Collection,240175
Cities of Love Collection,626668
City Singler,336962
City Slickers Collection,150156
CKY Series,93671
Clash of the Titans Collection,86780
Class of 1999 Collection,164397
Clear Skies Collection,114289
Cleopatra Jones Collection,452675
Clerks Collection,182813
Clint Eastwood's Iwo Jima Collection,261382
Cloudy with a Chance of Meatballs Collection,177467
Cochise Collection,495027
Coconut The Little Dragon Collection,612002
Cocoon Collection,86307
Code Geass: Akito the Exiled,212160
Code Geass: Lelouch of the Rebellion Recap Film Trilogy,680435
Cold Prey Collection,86553
Cold War Collection,404302
Collection Les 3 p'tits cochons,375820
Collection Les Boys,372479
Collection Les Pee-Wee,487003
Colonel Zorin Collection,92533
Coming to America Collection,647077
Comisarul Roman,626032
Conan the Barbarian Collection,43055
Confessions Collection,133891
Conni & Co Filmreihe,480890
Contracted Collection,358930
Cop and a Half Collection,747498
Coplan - Saga,619709
Corpse Party Collection,441970
Corto Maltese Collection,266846
Count Yorga Collection,327871
Countess Dracula Colletion,532736
Cowgirls n' Angels Collection,255478
Crank Collection,64751
Crayon Shin-chan Collection,117354
Crazy Race Collection,384341
Crazy Rich Asians Collection,545955
Creature From The Black Lagoon Collection,221537
Creed Collection,553717
Creep Collection,488990
Creepshow Collection,107725
Crimes of Passion: The Maria Lang Collection,245466
Crimson Bat Collection,392329
Critters Collection,10893
Crocodile Collection,652696
Crocodile Dundee Collection,9332
Cross Collection,438282
Cross of Iron Collection,93568
Crossclub,723660
Crossword Mysteries,659217
"Crouching Tiger, Hidden Dragon Collection",290973
Crows Collection,192174
Cruel Intentions Collection,52789
Cruising Bar Collection,371760
Crusher Joe Collection,457722
Crying Freeman OAV Collection,254565
Cube Collection,432
Cuchillo Collection,696344
Curious George Collection,55428
CyberTracker Collection,277630
Cyborg 009 Collection,286936
Cyborg Collection,98853
Cyborg Cop Trilogy,382238
Dabangg Collection,256433
Dachimawa Lee collection,335355
Daddy Day Camp Collection,228887
Daddy's Home Collection,473971
Daheim Filmreihe,650550
Damiel and Cassiel,582828
Dark Rising Collection,128123
Dark Woods Collection,371950
Darkman Collection,45154
Darko Collection,178106
Darna Hai Collection,752958
Darrow & Darrow Collection,565004
Das Dorf Filmreihe,679249
Das Kindermädchen Filmreihe,654479
Das Sams Collection,147669
DAU Cinema,693854
Davy Crockett Collection,181496
Day Dream,410999
DC Super Hero Girls Collection,477208
De Schippers van de Kameleon Collection,177696
Dead Country Collection,733500
Dead in Tombstone Collection,473185
Dead or Alive Collection,192532
Dead Rising Collection,407273
Dead River Collection,534180
Dead Snow Collection,286038
Dead Space Collection,56005
Deadpool Collection,448150
Deadtime Stories,388314
Death Bell Collection,651960
Death Note Collection,102019
Death Race Collection,86116
Death Race Original Collection,434533
Death Wish Collection,14377
Deathstalker Collection,48655
Decadent Evil Collection,570991
Decoys Collection,140758
Dědictví aneb...,590652
Deep Blue Sea Collection,518165
Delinquent Boss series,474019
Delinquent Girl Boss,119235
Demetrius Collection,366444
Demonic Toys Collection,264434
Demons Collection,430201
Den som dræber,630869
Dennis the Menace Collection,195441
Dennstein & Schwarz Filmreihe,679244
Department Q Collection,319850
Der Bockerer Collection,98077
Der Bulle und das Landei Filmreihe,337757
Der Doc und die Hexe Filmreihe,731553
Der Hafenpastor Filmreihe,681729
Der Job seines Lebens,479396
Der kleine Rabe Socke Filmreihe,385840
Der kleine Ritter Trenk,633788
Der sechste Stock -Reihe,506314
Descendants Collection,466463
Desperado Collection,441914
Desperado TV Movie Collection,387754
Despicable Me Collection,86066
Detective Chinatown Collection,525451
Detective Conan Collection,39199
Detective Conan Drama Special Collection,707622
Detective Dee Collection,222639
Detective in the Bar,536335
Detonation Series,525525
Detonator Collection,322650
Devasuram Collection,415699
Devi Collection,584852
Devilman OVA Collection,182384
Dexter Riley Collection,297143
Dhamaal Collection,142021
Dhoom Collection,44976
Diary of a Wimpy Kid Collection,86110
Dick Barton Collection,123741
Dick Tracy Collection,224011
Die 3 Groschen-Oper (G.W. Pabst),711287
Die blonde Frau des Maharadscha Filmreihe,465599
Die Drei von der Müllabfuhr Filmreihe,592431
Die göttliche Sophie Filmreihe,525096
Die großen und die kleinen Wünsche Filmreihe,592308
Die Hard Collection,1570
Die Hebamme,455712
Die Informantin - Filmreihe,685552
Die Jagd nach ... Filmreihe,74261
Die Kirche bleibt im Dorf Collection,380160
Die Lümmel von der ersten Bank,11341
Die lustige Welt der Tiere Filmreihe,692966
Die Musterknaben Collection,86714
Die Mütter-Mafia Filmreihe,387234
Die Nibelungen Collection,158038
Die Pfefferkörner,334887
Die Schnitzel-Reihe,575117
Die Spätzünder Filmreihe,658187
Die Supernasen Filmreihe,430157
Die tolle Tanten Reihe,168004
Die Trapp-Familie Filmreihe,495022
Die Vampirschwestern Collection,340803
Die Wallners Filmreihe,681726
Die Wanderhure Filmreihe,109292
Digimon Adventure tri. Collection,357402
Digimon Collection,39244
Dinotopia Collection,145748
Dirty Dancing Collection,86058
Dirty Harry Collection,10456
Dirty Pair Collection,194988
Disney Buddies Collection,91657
District 13 Collection,85946
Divadlo Járy Cimrmana (kolekce),134221
Divergent Collection,283579
Django Collection,386818
Do panského stavu (kolekce),724137
Doc McStuffins,371520
Doc West Collection,417737
Doctor Strange Collection,618529
Doctor Who Collection,275873
Doctor X Collection,607355
Doktor Murkes Filmreihe,559403
Doktor Proktor Filmreihe,501769
Dolemite Collection,405256
Dolphin Tale Collection,288491
Don Camillo Collection,11582
Don Collection,44724
Don Quixote (G.W. Pabst),711295
Don't Breathe Collection,748919
Don't Fuck in the Woods Collection,750050
Don't Go Breaking My Heart Collection,397341
Doom Collection,634390
Doraemon Collection,148065
Dorm Daze Collection,201778
Double Tap trilogy,716896
Dovolená s Andělem (kolekce),494983
Down to Earth,694330
Dr Goldfoot Collection,427956
Dr. Dolittle Collection,3169
Dr. Karl Sternau Collection,362696
Dr. Kildare Collection,721733
Dr. Mabuse Collection,11140
Dr. Phibes Collection,116847
Dr. Quinn Medicine Woman Collection,522626
Dr. Slump,379010
Dracula (Hammer) Collection,123724
Dracula (Universal) Collection,221539
Dracula 2000 Collection,115822
Dragon Ball Collection,386410
Dragon Ball Super Collection,620873
Dragon Ball Z Movies Collection,425164
Dragon Inn,701644
Dragon Loaded Collection,329553
Dragon Nest Collection,464125
Dragon Quest: Dai no Daibouken Collection,587194
DragonHeart Collection,169452
Dragons Collection,98874
Draper Tours Collection,708155
Dream a Little Dream Collection,351230
Drei Schwedinnen Filmreihe,545785
Drei teuflisch starke Frauen Filmreihe,525094
Dreileben,165131
Drunken Master Collection,12203
Ducobu Collection,148603
Dudu Collection,146863
Düğün Dernek Collection,466388
Dumb and Dumber Collection,96665
Dummie the Mummy Collection,508766
Dune Collection,726871
Dungeons & Dragons Collection,106498
Dust,204501
Dynamic Pro Super Robot Collection,211958
Earthed Collection,181403
East is East Collection,159616
East Side Kids Collection,415799
Easy Money Collection,154002
Eating Out,129453
Eberhofer-Krimi Collection,736750
Eccezzziunale... veramente Collections,444275
Echte Wiener Filmreihe,470622
Eddie and the Cruisers Collection,186102
Ein Fall für den Fuchs,290421
Ein Fall für Dr. Abel Collection,702062
Ein Reihenhaus ... Filmreihe,399503
Ein Sommer in... Filmreihe,135975
Eine fast perfekte... Trilogie,751810
Einfach Rosa - Filmreihe,496771
El Bosque Animado,518467
El Chanfle Collection,571401
El crack - Colección,637217
El Lute Collection,320059
El paseo - Colección,749828
El pico - Colección,320064
El sexo me da risa - Colección,701873
Election Collection,159613
Elektra Luxx Collection,86668
"Eleven Days, Eleven Nights Collection",720067
Elias the Little Rescue Boat Collection,490650
Elite Squad Collection,119581
Elizabeth Collection,100286
Ella Schön Collection,727026
Ellery Queen Collection,395086
Elling Collection,12075
Eltern allein zu Haus Filmreihe,731554
Elvira Collection,182617
Elvis The Great Performances - Saga,590229
Emil i Lönneberga,187089
Emilie Richards Collection,135883
Emma Fielding Mystery Collection,531963
Emma nach Mitternacht,399923
Emmanuelle,661152
Emmanuelle (TV Film) Collection,345202
Emmanuelle 2000 Collection,345865
Emmanuelle In Space Collection,88345
Emmanuelle Through Time Collection,629837
Emperor Meiji Collection,633759
En Ré,654135
Enchanted Collection,531799
Engel der Gerechtigkeit Filmreihe,656339
Enteng Kabisote Collection,527958
Enter the Ninja Collection,373538
Epoch Collection,397382
Er Monnezza - Collezione,706479
Erkan & Stefan Collection,1617
Ernest Collection,330555
Erotic Ghost Story Collection,363066
Erotic Witch Project Collection,596978
Escape From ... Collection,115838
Escape Plan Collection,525891
Essex Boys,557690
Estrella Damm - Cortos,697406
Etta Place Collection,623977
Evangelion Collection,96850
Evil Bong Collection,467577
Evil Dead Collection,1960
Ex Collection,362554
Excessive Force Collection,397854
"Exhibition : ""Laputa, the Castle in the Sky, and the Science Fiction Machines""",708862
Exit Collection,751812
Extraction Collection,735127
Eye of the Dolphin Collection,264914
"F*ck You, Goethe Collection",344555
F/X Collection,171439
Faces of Death Collection,97237
Fairly Odd Collection,721375
Fairy Tail Movie Collection,524143
Fallen,728953
Familie  Bundschuh Filmreihe,621865
Familie Buchholz Filmreihe,553806
Familien Gyldenkål Collection,102114
Familien Jul (Samling),655915
"Family Guy Trilogy: Laugh It Up, Fuzzball!",701402
Family of Cops Collection,437795
Famous Five Collection,255206
Fanny Brice Collection,449750
Fanny und ...,399742
Fantasia Collection,55427
Fantasm Collection,406487
Fantastic Beasts Collection,435259
Fantastic Four Collection,9744
Fantastic Journey To Oz,518594
Fanthagirò Collection,173738
Fantomas Collection,103001
Fantozzi Collection,41658
Fast Getaway Collection,257378
Fatakesto Collection,714173
Fatal Fury Collection,207415
Fate/stay night: Heaven's Feel Collection,390636
Father and Guns Collection,417481
Father of Four Collection,256548
Father of the Bride (Original),511021
Father of the Bride Collection,96871
Father O'Malley Collection,556928
Fear Collection,439409
Fearless Hyena Collection,205459
Feast Collection,98430
Felix the Rabbit Collection,269616
Feluda Collection,245198
Female Ninjas Magic Chronicles Collection,360774
Female Prisoner Scorpion,103190
FernGully Collection,19160
Fifty Shades Collection,344830
Fight Back to School Collection,192175
Final Destination Collection,8864
Final Fantasy VII Collection,140760
Finding Mr. Right Collection,584364
Finding Nemo Collection,137697
Fireman Sam Collection,583236
Fist of Fury 1991 Collection,397504
Fist of Fury Collection,479953
Fist of the North Star Digest Collection,670241
Fist of the North Star: The Legends of the True Savior,114374
Five Little Peppers,369969
Flatfoot Collection,10964
Flatland Collection,425435
Flesh Gordon Collection,314917
Fletch Collection,104833
Flicka Collection,507481
Flodder Collection,74083
Flower and Snake (Remake) Collection,153629
Flower and Snake Collection,153636
Flower Shop Mystery Collection,401119
Flowers in the Attic Collection,293981
Flubber Collection,294468
Flying Guillotine Collection,380170
Fontaine Khaled Collection,412300
Footsoldier Collection,286177
Force Collection,429409
Fortress Collection,86341
Fracchia Collection,704004
Francesco,530016
Francis the Talking Mule Collection,693136
Frank James Collection,493022
Frankenstein (Hammer) Collection,123720
Frankenstein (Toho) Collection,491768
Frankenstein (Universal) Collection,218406
Franklin - Collection,711149
Frau Wirtin Filmreihe,550183
Freche Mädchen Filmreihe,326795
Fred Collection,433061
Free and Easy Collection,411744
Free Willy Collection,9328
Free!,693769
Freeway Collection,355490
Freier Fall Collection,716052
French Connection Collection,155474
French Fried Vacation,52835
Friday Collection,43563
Friday the 13th Collection,9735
Friend Collection,281881
Friends Collection,321647
Fright Night (Reboot) Collection,230161
Fright Night Collection,98168
Fritz the Cat Collection,476056
Frog Collection,495389
Fröhliche Weihnachten Filmreihe,313754
From Dusk Till Dawn Collection,10924
From Vegas to Macau Collection,333075
Front Collection,269411
Frosty the Snowman Collection,363015
Frozen Collection,386382
Frühling-Filmreihe,465364
Fu Manchu (Christopher Lee) Collection,98462
Fu Manchu (Warner Oland) Collection,413930
Fuga de cerebros - Collection,141448
Full Out,696476
Fullmetal Alchemist Collection,140612
Futurama Collection,13800
G.I. Joe (Live-Action) Collection,135468
G.I. Joe (Reel FX) Collection,135467
G.I. Joe Collection,506229
Gabino Barrera Collection,598003
Gabriel's Inferno Collection,729322
Galaxy Express 999 Collection,195646
Gall Force Collection,472943
Gamera (Heisei) Collection,657313
Gamera (Showa) Collection,161766
Gamma One Collection,413946
Gang of Roses Collection,458419
Gangs of Wasseypur Collection,244500
Gangster Ka (kolekce),380042
Gantz Collection,99321
Garage Sale Mystery Collection,353792
Garfield CGI Collection,373918
Garfield Collection,86115
Gasland Collection,225543
Gator Bait Collection,753142
Gator Collection,289531
Generation Iron Collection,522231
Gentle Ben,737092
George Carlin Comedy Collection,479319
George of the Jungle Collection,126221
Get Smart Collection,108669
Ghibli Forest Movies,709474
Ghost in the Shell (Animated) Collection,23026
Ghost In The Shell: Arise Collection,196753
Ghost in the Shell: Stand Alone Complex Collection,443996
Ghost Rider Collection,90306
Ghostbusters Collection,2980
Ghoulies Collection,44913
Gilbert & Sullivan Brent Walker Collection,176547
Gincho Wataridori,472583
Ginger Snaps Collection,11794
GinRei special OVA,407945
Gintama Movie Collection,551277
Gırgıriye Serisi,663473
Girl Boss,119233
Girlfriends' Getaway Collection,705758
Girls & Panzer Collection,610041
Girls at Arms,312774
Girl's on Top Collection,165679
Girls Without Tomorrow Collection,694045
Gnomeo & Juliet Collection,493668
Go Lala Go Collection,584400
Go Trabi Go Collection,237897
Goal! Collection,110177
God Mars Collection,361948
God of Gamblers Collection,170416
God's Not Dead Collection,409343
Godzilla (Heisei) Collection,374511
Godzilla (Millennium) Collection,374512
Godzilla (Reiwa) Collection,691555
Godzilla (Showa) Collection,374509
Godzilla Anime Trilogy,535790
Godzilla Collection,535313
Godzilla The Real 4-D Collection,691554
Goku Midnight Eye Collection,452589
Golden Chicken Collection,336485
Golden Swallow Collection,658794
Golden Winter Collection,484270
Golgo 13 Collection,446015
Golmaal Collection,483464
Gomez & Tavarès Collection,181478
Gone in 60 Seconds Trilogy,391040
Gonin Collection,473943
Good Take Collection,410925
Goodnight for Justice Collection,328755
Gooische Vrouwen Collection,482468
Goon Collection,476961
Goopy Bagha Trilogy,206786
Goosebumps Collection,508783
Gor Collection,205145
Göta kanal collection,169329
Gourmet Detective Collection,364342
Graf Bobby Collection,162268
Grave Encounters Collection,135466
Grease Collection,86083
Greatest Heroes and Legends of The Bible,268500
Greek Tragedy Trilogy,715427
Green Street Hooligans Collection,152544
Gregory's Girl Collection,648242
Grey Gardens Collection,448468
Grijpstra & de Gier Collection,180784
Grizzly Collection,528034
Grown Ups Collection,180546
Grumpy Old Men Collection,119050
Guardians of the Galaxy Collection,284433
Guinea Pig Collection,476063
Gumball 3000 Collection,163798
Gun Crazy Series,314976
Gunsmoke Movie Collection,492492
Gwendolyn Shepherd Collection,304025
Hades Project: Zeorymer,34709
Haikyu!! - Movie Collection,540583
Hajime no Ippo Collection,752966
Hakuoki - Demon of the Fleeting Blossom,461067
Half Past Dead Collection,43063
Halloween (Rob Zombie Series) Collection,126209
Halloween Collection,91361
Halloweentown Collection,87252
Halo Collection,606301
Hamilton Collection,108043
Hana-Dama Collection,378718
Hanni & Nanni Filmreihe,278791
Hanzo the Razor Collection,158376
Happily N'Ever After Collection,141084
Happy Bhag Jayegi Collection,538262
Happy Death Day Collection,526380
Happy Feet Collection,92012
Happy Ghost Collection,638441
Hard Target Collection,412680
Hard Time Collection,285249
Hardbodies Collection,351231
Harmon Cobb Collection,570513
Harold & Kumar Collection,30663
Harry Palmer Collection,89188
Harry Potter Collection,1241
Harter Brocken,728242
Hatchet Collection,124901
Hate Story Collection,401261
Hausfrauen-Report Filmreihe,418083
Havoc Collection,378268
Hayride Collection,379897
He Who Dares Collection,360112
Healed by Grace Collection,540982
Heart... (三人世界) Collection,727410
"Heaven, Hell and Purgatory Collection",277739
Heaven's Lost Property,388790
Heavy Metal Collection,141086
Heidi (Praesens-Film) Filmreihe,421605
Heimat-Trilogie,112860
Hellboy (Animated) Collection,123203
Hellboy Collection,17235
Hellraiser Collection,8917
Henry Fool Collection,378453
Henry: Portrait of a Serial Killer Collection,143755
Her Fatal Ways Collection,402344
Hera Pheri Collection,142022
Herbie Collection,12087
Hercule Poirot (Peter Ustinov) Collection,752992
Hercules (TV Film) Collection,199629
Hercules Collection,314023
Hero Collection,432515
Heroes United Collection,747874
Herr Lehmann Filmreihe,279836
"He's a Woman, She's a Man (Collection)",640587
Hey Arnold Movie Collection,725600
Hidden Collection,175858
Hidden Colors Collection,380533
Hideshi Hino's Theater of Horror,534272
High School Musical Collection,87253
High School Students Series,620423
High&Low The Movie Collection,473848
Highlander Collection,8050
Hildegarde Withers Mystery Collection,510940
"Hilfe, ich habe meine ... geschrumpft",531143
Histoire(s) du cinéma,109701
Historien om ett brott,678363
Hitman Collection,737031
HK／変態仮面シリーズ,426761
Hobbs & Shaw Collection,688042
Hochwürden Pfarrer Gustav Filmreihe,723682
Hochwürden Pfarrer Himmelreich Filmreihe,723680
Hochzeiten - Filmreihe,316506
Hollow Man Collection,166376
Hollywood Boulevard Collection,637594
Home Alone Collection,9888
Homeward Bound Collection,43058
Homolka Collection,142722
Homunculus,2955
Honey Collection,144689
"Honey, I Shrunk the Kids Collection",72119
Honorin,705345
Hoodwinked! Collection,87255
Hooked Collection,106790
Hopalong Cassidy Collection,404136
Hornblower Collection,115164
Horrible Bosses Collection,280588
Horror Stories Collection,432022
Horse Fever Collection,441734
Hostel Collection,86578
Hot Shots! Collection,52988
Hot Springs Geisha Collection,119239
Hot Tub Time Machine Collection,313576
Hot Wheels: AcceleRacers - Collection,267308
Hotel Transylvania Collection,185103
House Collection,102782
House of 1000 Corpses Collection,105625
House of Angels Collection,361140
House of the Dead Collection,117927
House on Haunted Hill Collection,248339
House Party Collection,159600
Housefull Collection,142015
How High Collection,745296
How I Unleashed World War II,75014
How to Train Your Dragon Collection,89137
Howard Lovecraft Collection,558854
Hříšní lidé města pražského (kolekce),515078
Hubert und Staller Filmreihe,379112
Huevos - Collection,483535
Huggett Family Collection,438915
Hulk Vs. Collection,728947
Hunter x Hunter Collection,571270
Hurricane Bianca Collection,526086
Hussite Revolutionary Collection,143821
I 3 Supermen - Collezione,729879
I Am Vengeance Collection,717156
I Can Quit Whenever I Want Collection,482693
I Dream of Jeannie Collection,211964
I due carabinieri Collecion,444665
I Got the Hook Up Collection,627017
I Know What You Did Last Summer Collection,3601
I Love a Mystery movie series,48802
I pompieri - Collezione,376567
I soliti ignoti - collezione,656828
I Spit on Your Grave (Original) Collection,296429
I Spit on Your Grave Collection,219691
I.M.P.S. - The Relentless Collection,658034
Iancu Jianu,622406
Ice Age Collection,8354
Ice Collection,576914
Iceman Collection,528179
If I Were You Collection,369380
If These Walls Could Talk Collection,164394
If You Are the One (Collection),417064
Il colonnello Buttiglione,498781
Il medico della mutua Collection,445049
Il peggio della mia vita,669603
Il sergente Rompiglioni Collection,526976
Il tassinaro,444377
"Ilsa, She Wolf of the SS Collection",123249
I'm A Zombie Collection,297501
Immaturi Collection,198697
Immenhof,12267
"Impy, the small dinosaur Collection",223926
In 3 Tagen bist du tot Filmreihe,232407
In China They Eat Dogs Collection,95891
In the Line of Duty Collection,242765
In the Name of the King Collection,122922
In the Vineyard Collection,472917
Independence Day Collection,304378
Indian Gangster Trilogy,718000
Indiana Jones Collection,84
Indio Collection,608880
Infernal Affairs Collection,58588
Initial D,39326
Inner Sanctum Mysteries Collection,90031
Inoshika Ocho Collection,472781
Inside Man Collection,631194
Insidious Collection,228446
Inspector Gadget Collection,237445
Inspector Lavardin Collection,486207
Inspector Tanquerelle,159742
Inspektor Barbarotti,333132
Inspektor Polt,231022
Into the Blue Collection,174386
Inuyasha Collection,53154
Ip Man Collection,70068
Iqbal (Samling),655779
Irene Huss Collection,98426
Iris Collection,281865
Iron Angels Collection,385385
Iron Eagle Collection,123251
Iron Man Collection,131292
Iron Monkey,579913
Iron Sky Collection,312977
Ironclad Collection,259085
Isi/Disi Collection,277798
It Collection,477962
"It's a Mad, Mad, Mad World Collection",525629
It's Alive Collection,256297
Ivan Brovkin Collection,284700
Jack Frost Collection,203178
Jack Hunter Collection,193840
Jack Irish Collection,155044
Jack Reacher Collection,403374
Jackass Collection,17178
Jag är nyfiken (samling),261057
Jak vytrhnout velrybě stoličku Collection,206962
James Bond Collection,645
Jane Doe Collection,68687
Jango Collection,266731
Jannat Collection,557746
Japanese Agatha Christie Adaptations,726005
Japan's Violent Gangs,544998
Jarhead Collection,285564
Jarle Klepp-trilogien,501774
Jaws Collection,2366
Jay and Silent Bob Collection,726870
Jeepers Creepers Collection,94899
Jerry Cotton Collection,4545
Jesse Stone Collection,59235
Jet Set - Saga,666934
Jill and Joy Collection,293471
Jim Button Collection,723457
Jim McLaine (David Essex) Collection,520389
Jimmy Timmy Power Hour Collection,555167
Jingle All the Way Collection,307637
Jirocho Sangokushi,541421
Jism Collection,134251
Joan the Maid Collection,700936
João de Deus Trilogy,746026
Joe Dirt Collection,353325
Joe Palooka series,729998
Johan Falk Collection,24726
Johan Falk GSI Collection,24717
Johanna und der Buschpilot Filmreihe,400848
John Wick Collection,404609
Johnny 100 Pesos Collection,512549
Johnny English Collection,86117
Johnny Tsunami Collection,394316
Jolly LLB Collection,557748
Jönsson Gang,63170
Josef Švejk Collection,264664
Josefine Mutzenbacher wie sie wirklich war,365031
Joséphine - Saga,479549
Josey Wales Collection,711707
Josh Kirby... Time Warrior! Adventures,112839
Journey Collection,605516
Journey to the West Collection,456576
Journey to the West Collection (Shaw Brothers),384642
Joy Ride Collection,166378
Judwaa Collection,557749
Jumanji Collection,495527
Jump Street Collection,212562
Jungle Jack Collection,206449
Jungle Jim Collection,661850
Ju-on Collection,1972
Jurassic Park Collection,328
Justice League (Animated) Collection,256287
Justice League Dark Collection,702342
Jydekompagniet Collection,214548
K3 Collectie,245321
K-9 Adventures Collection,284359
K-9 Collection,88735
Kabouter Plop Collection,144045
Kačenka (kolekce),324386
Kadokawa Mystery & Horror Tales,142547
Kahaani Collection,499115
KAIJI Collection,669692
Kali Yug Collection,218526
Kalle Blomkvist (samling),717812
Kamarád do deště (kolekce),522625
Kameňák (kolekce),192075
Kamilla og Tyven,620208
Kampf um Rom Collection,217499
Kangaroo Jack,666953
Kanun Namına Serisi,493077
Kara Ben Nemsi Collection,360347
Karate Warrior Collection,192962
Karla Collection,180501
Karnstein Trilogy,727757
Kartoffelsalat Filmreihe,661199
Kazuo Umezu's Horror Theater Collection,623353
"Kdo to hodil, pánové? (kolekce)",731129
Keinohrhasen Filmreihe,215456
Kekec Collection,169472
Kekko Kamen Collection,256351
Kenji Misumi's Trilogy of the Sword,180142
Kenny Rogers Legend Of The Gambler Collection,251117
Kick-Ass Collection,179892
Kickboxer (Reboot) Collection,522871
Kickboxer Collection,105322
Kidulthood Collection,159603
Kiler Collection,183256
Kill Bill Collection,2883
Killer Bean Collection,583774
Killer Crocodile Collection,470274
Killer Tomatoes! Collection,47983
Killjoy Collection,416305
Kilukkam Collection,415710
Kimmy Dora Collection,527944
Kindergarten Cop Collection,397444
King Kong (1933) Collection,135495
King Kong Collection,135498
King of the Zombies Collection,124930
Kingsman Collection,391860
Kirikou,338416
Kizumonogatari,374202
Klassentreffen-Filmreihe,730695
Kleines Arschloch Collection,165855
Klovn (filmene),441682
Kluftingerkrimi Collection,695393
KM 31 - Colección,691535
Knives Out Collection,722971
Kogel-mogel - Kolekcja,697597
Kojak Movie Collection,492884
Kokowääh Filmreihe,215452
Konto 55 Collection,704578
KoRn,411145
Kriminal Collection,636417
Krrish Collection,246091
Krüger Filmreihe,670701
Krummerne (Samling),180498
Kudo's Samurai Revolution Trilogy,636110
Kung Fu Panda Collection,77816
Kuroshithuji Collection,511109
Kurt Josef Wagle Collection,490673
Kurtlar Vadisi,663490
Kuutamosonaatti,571825
Kvartet I Collection,122776
Kya Kool Hain Hum Collection,606037
L.M. Montgomery's Anne of Green Gables Collection,653726
La Abuela Collection,665198
La cage aux folles Collection,239968
La Classe Américaine & Cie - Saga,187734
La légende de Versailles,320416
La niña de tus ojos - Colección,506044
La Nonna Sabella Collection,529201
La Orca Collection,274970
La petite mort Collection,488610
La petite souris (colléction),224529
La Taupe - Saga,678448
La Tour Infernale Collection,403603
La Trilogie du Monocle - Collection,351855
La trilogie marseillaise (2000) - Saga,596451
Lady and the Tramp Collection,97460
Lady Snowblood Collection,149191
Laid to Rest Collection,158643
Lake Placid Collection,97768
L'allenatore nel pallone - Collezione,441061
L'amica di mia madre Collection,697794
Lammbock Collection,478442
Lan Kwai Fong Collection,401079
Lange Flate Ballær Series,93221
Lapland Odyssey Collection,461755
Largo Winch Collection,70764
Las cosas del querer - Colección,737114
Las Leyendas Collection,519564
"Laß jucken, Kumpel Filmreihe",366419
LasseMajas Detektivbyrå (samling),324909
Laughing Gor（系列）,730820
Laughing Under the Clouds Gaiden Collection,519042
Lauras Stern,272416
Lausbubengeschichten,96867
Lavalantula Collection,439596
Lazer Team Collection,520965
Le Capitan,713016
Le Cœur des Hommes,260586
Le Grand Pardon - Saga,547875
Lee Rock Collection,401270
Left Behind Collection,109082
Legally Blonde Collection,86024
Legend of the Galactic Heroes Collection,154752
Legends of the Poisonous Seductress,119237
LEGO DC Comics Super Heroes Collection,386162
LEGO DC Super Hero Girls Collection,557495
LEGO Jurassic World Collection,752941
LEGO Marvel Super Heroes Collection,752937
Lego Star Wars Collection,302331
LEGO Star Wars: The Yoda Chronicles Collection,580019
LEGO: Hero Factory - Saga,545041
Lemmy Caution Series,557669
Lemon Popsicle Collection,167552
L'Enfant des loups,217969
Leningrad Cowboys Collection,187736
Leprechaun Collection (Original Series),19285
Les Amours sous la Révolution,2488
Les aventures de Tintin - Saga,561263
Les Charlots - Saga,188133
Les Inconnus,387623
Les Inconnus La totale !,534526
Les Municipaux - Saga,699677
Les Randonneurs,52094
Les robins des bois - Collection,151274
Les Tuche,389544
Lethal Panther Collection,293953
Lethal Weapon Collection,945
Let's Make Love Collection,373255
Lew Harper Collection,434270
Lezioni di Cioccolato Collection,298187
Liane Filmreihe,557705
Liberation Collection,425344
Library Wars Collection,393328
Liebesgrüße aus der Lederhose Filmreihe,379177
Life-Size Collection,573111
Like Mike Collection,363014
Lilla Jönssonligan Collection,104769
Lilla Spöket Laban Collection,117644
Lilly the Witch Collection,190264
Lilo & Stitch Collection,97461
Little Bear,427113
Little Bigfoot Collection,116041
Little Girls Blue,414212
Little Nicholas,303872
Little Witch Academia Collection,330075
Living Dead Collection,261590
Lo Sceicco - Collezione,706143
Locos de amor - Colección,693992
Lola Collection,728608
Lone Wolf and Cub Collection,102128
Lone Wolf film series,395433
Long Arm of the Law Collection,289763
Look Who's Talking Collection,9521
Lord Of East China Sea Collection,649005
Loro Collection,543738
Lost Boys Collection,109076
Lost Generation,15929
Lotta Collection,343733
Lotta på Bråkmakargatan,358054
Love Comes Softly Collection,97919
Love Hina Collection,190135
Love in a... Collection,189157
Love in the City Collection,106784
Love Stories 2 Series,730207
Love Undercover Collection,336027
Lovey-Dovey Collection,107478
Lucie Collection,324385
Lucky Luke (Animation) Collection,94050
Lucky Luke (Terence Hill) Collection,305360
Lucky Stars Collection,300431
Lude Godine Collection,352876
LUPIN THE IIIRD Collection,754601
Ma and Pa Kettle Collection,46082
MacGyver (TV Movies) Collection,209739
Machete Collection,210006
Machine Girl Collection,550457
Macon County Collection,458697
Macross Frontier Collection,97462
MacShayne Collection,648966
Macskafogó gyűjtemény,349336
Mad Max Collection,8945
Madagascar Collection,14740
Made in Abyss Collection,688209
Madea Collection,534673
Madeline,416942
Madicken,312744
Magic Carpet Ride Collection,583637
Magic Kid Collection,397848
Magic Mike Collection,328247
Magical Girl Lyrical Nanoha Collection,231657
Maigret (Jean Gabin) Collection,512168
Maiku Hama Private Eye Trilogy,474193
Maisie Ravier Collection,179110
Major Kalaš (kolekce),561149
Major Korenev Trilogy,416491
Major League Collection,97771
Major Mahadevan Collection,415712
Makinavaja - Colección,135680
Maleficent Collection,531331
Malevolence Collection,538387
Malibu Rescue Collection,730273
Malizia Filmreihe,725980
Malkoçoğlu Serisi,664314
Mall Cop Collection,328372
Mallrats Collection,726869
Mamma Mia! Collection,458558
Man of Steel Collection,209131
Mandie Movies Collection,279447
Mandingo collection,535270
Maniac Cop Collection,254636
Mann Filmreihe,324475
Mannequin Collection,124951
Manual of Love Collection,259363
Marcel Pagnol's Marseille Trilogy,156152
March Comes in Like a Lion Collection,621044
March of the Penguins Collection,513585
Mardaani - Saga,736592
Mardock Scramble Collection,122661
Marfa Girl Collection,608383
Marga Engel Filmreihe,378699
Mărgelatu Series,620416
"Maria, ihm schmeckt's nicht! Filmreihe",480071
Mariandl Filmreihe,378568
Mark Collection,445118
Marley & Me Collection,230532
Marshal Samuel Gerard Collection,721111
Marthaler,653773
Martial Law Collection,318037
Marvel Rising Collection,627234
Mary Poppins Collection,527439
Masti Collection,419784
Masutatsu Oyama Trilogy,334514
MatchMaker Mysteries Collection,703722
Matt Helm Collection,157890
Matula Filmreihe,656781
Matusalem,550841
Max Collection,456778
Max Pinlig Collection,221452
Maya the Bee Collection,522250
Mazzaropi Collection,690968
McBride,450345
McDull Collection,120927
McHale's Navy Collection,393564
Me who loves only you,643756
Mean Girls Collection,99606
Meat pie collection,645678
Meatballs Collection,48037
Mechanic Collection,280504
Meet the Parents Collection,51509
Mega Shark Collection,264481
Megami Tensei Collection,196882
Megazone 23 Collection,452942
Mein Opa ... Filmreihe,581167
Mein Weihnachtsprinz - Filmreihe,661005
Meine liebe Familie Collection,729361
Meine Mutter... Filmreihe,692667
Meines Vaters Pferde Filmreihe,553810
Meister des Todes Collection,691636
Mektoub is Mektoub,541585
MEMORIES,685635
Men & Women Dilogy,343477
Men In Black Collection,86055
Men in the City Collection,220872
Mermaid Forest Collection,284185
Mexican Spitfire,386327
Mexico Barbaro Filmreihe,741791
Mexico Trilogy Collection,9649
Mi Nismo Anđeli Collection,214702
Mick Travis Collection,685157
Midnight Diner Collection,473845
Midnight Run Collection,633215
Mikogami Trilogy / Wanderer Jôkichi,442237
Mimic Collection,10721
Minions Collection,544669
Minuscule Collection,576490
Mirror Images,638252
Mirror Mirror Collection,681955
Mirrors Collection,105324
Miss Congeniality Collection,93220
Miss Marple Collection,696110
Miss Modern Collection,506646
Missing in Action Collection,46512
Mission: Impossible Collection,87359
Mister Blot Collection,152918
Mister Roberts Collection,398740
Miyamoto Musashi by Tomu Uchida Collection,157522
Młode Wiki - Kolekcja,524424
Mobile Suit Gundam Collection,143302
Mobile Suit Gundam: The Origin,376552
Mobile Suit SD Gundam,525348
Mobile Suit Zeta Gundam A New Translation,143152
Mojin Collection,683139
Molière - La collection,274881
Molly Hartley Collection,518876
Mommies Collection,162782
Mondo Cane Collection,380006
Monkey King Collection,717064
Monsieur Hulot - Saga,619806
Monster High Collection,224026
Monster Hunt Collection,519163
Monster X Collection,600361
Monsters Collection,306926
"Monsters, Inc. Collection",137696
Moontrap Collection,562535
Morgens um sieben Filmreihe,343740
Morning Show Mysteries Collection,632051
Mortadelo y Filemón - Colección,624920
Mortal Kombat Collection,9818
Morten Korch Klassikere,480128
Moschettieri del Re - Collezione,715872
Mostly Ghostly Collection,326849
Mother Superior Collection,528383
Motives Collection,124877
Mr. Bean Collection,103372
Mr. Boogedy Collection,47629
Mr. Darcy Collection,596906
Mr. Moto Collection,89959
Mr. Ripley Collection,721108
Mr. Vampire Collection,155421
Mr. Wong Collection,220448
Mrs. Miracle Collection,374663
Mucize Serisi,701135
Můj brácha má prima bráchu (kolekce),512456
Mulan Collection,87236
Mummy's Kiss Collection,532737
Munchie Collection,585419
Muni Collection,498578
Munna Bhai Collection,44722
Murder 101 Collection,731413
Murder Collection,484529
Murder on the Orient Express Collection,735384
Murder Princess Collection,450943
"Murder, She Baked Collection",364344
"Murder, She Wrote Collection",691606
Mushishi Collection,470776
MVP,368982
My American Cousin Collection,749278
My Big Fat Greek Wedding Collection,389767
My Friend Irma Collection,704817
My Friends Collection,150954
My Girl Collection,85960
My Hero Academia Collection,662002
My Little Pony: Equestria Girls Collection,343297
My New Partner Collection,238448
My Sassy Girl Collection,473850
My Sisters Kids (Remake) Collection,710288
My Wife is a Gangster Collection,101676
"Mysterious Doctor Satan, The",543144
Mystery 101,659184
Mystery Road Collection,609514
Mystery Woman,449530
Mythica Collection,363092
N.T.R Collection,676555
Næsbygaard,460785
Nakano School Collection,633032
Naked Collection,309259
Naked Fear Collection,110041
Naked Gun Collection,37139
Namastey London Collection,546428
Nancy Drew Collection,354066
Nanny McPhee Collection,35792
Naruto Collection,23616
NASU Collection,473502
Natalie - Babystrich Filmreihe,146685
National Lampoon's Vacation Collection,108693
National Lampoon's Van Wilder Collection,43220
National Treasure Collection,52984
Nativity Collection,239595
Navajo Tribal Police Collection,611397
Navarone Collection,366826
Neighbors Collection,400700
Nekromantik Collection,173628
Nemesis Collection,286948
Nemuri Kyoshiro (Hiroki Matsukata) Collection,636591
Nemuri Kyoshiro (Kōji Tsuruta) Collection,636595
Neptunes Thunder,220744
Neuilly sa mère ! - Saga,537662
Nevada Smith Collection,431417
Never Back Down Collection,96676
Never Died Collection,693729
New Abashiri Prison Story Collection,528255
New Battles Without Honor and Humanity Collection,473694
New Female Prisoner Scorpion Collection,636920
New Initial D Collection,442646
New Kids Collection,124426
New Shadow Warriors Collection,208872
Nice Sister-In-Law Series,736466
Nick Carter (Eddie Constantine) Collection,484831
Nick Carter (Walter Pidgeon) Collection,47400
Nicky Cruz Collection,170618
Nico Giraldi - Collezione,706482
Nigdy w życiu - Kolekcja,569863
Night at the Museum Collection,85943
Night of the Demons Collection,136218
Night of the Living Dead 3D - Collection,724328
Night of the Picnic Collection,353814
Nightmare Detective Collection,679341
Nim's Island Collection,232844
Nineties Collection,43056
Ninja Collection,244242
No Contest Collection,645830
No Good Middle-Aged Yakuza Trilogy,456580
No manches Frida Collection,583995
"No Retreat, No Surrender Collection",384920
Nobody Collection,409026
Non ci resta che il crimine - Collezione,602538
Norm of the North Collection,571845
Northpole Collection,400412
Not Quite Human Collection,297252
Now You See Me Collection,382685
Nuke 'Em High Collection,263866
Nymphomaniac Collection,258664
Oberst Mithoff Filmreihe,381573
Ocean's Collection,304
"Oh, God! Collection",221308
Ohnivé ženy (kolekce),512454
Old Mother Riley Collection,746717
Old Way Collection,452146
Olsen Banden (animeret samling),273099
Olsenbanden Collection,84745
Olympia 1936,404148
Omega Code Series,122947
Omerta Collection,655310
On Any Sunday Collection,391047
On the Buses Collection,123798
Once Upon a Time in China Collection,10457
Once Upon a Time in Mumbai Collection,605068
Once were Warriors Collection,300546
One Piece Collection,23456
OneChanbara Collection,719405
Ong Bak Collection,94589
Onmyoji Collection,514942
Open Season Collection,66761
Open Water Collection,86113
Operation Zucker,466671
Orientzyklus (Ustad-Film) Collection,469888
Orientzyklus Collection,469886
Osamu Tezuka's Buddha,239525
Osobennosti Natsionalnoy ... - Collection,107462
OSS 117,91588
OSS 117 The Original Saga,183680
Otto Collection,232403
Ouija Collection,426103
Our Gang: The MGM talkies,563999
Our Gang: The Roach/MGM silents (1927–1929),563991
Our Gang: The Roach/MGM talkies,563993
Our Gang: The Roach/Pathé silents,564261
Our Man Flint Collection,167456
Outlaw Gangster VIP: The Complete Collection,427627
Outpost Collection,108804
Outrage Collection,385528
Overheard Collection,324703
Oz Collection,627517
P.R.O.B.E. Collection,446149
Pacific Rim Collection,363369
Paddington Collection,488924
Padre no hay más que uno,669836
"Pagnol, Childhood's Memories",148517
Painted Skin Collection,132877
Palermo-Milano Collection,373444
Pan Tau (kolekce),512455
"Pane, amore e… - Collezione",188202
Papa ou Maman Collection,437608
"Papa, maman ... et moi (original)",464788
Paradise Lost Collection,105629
Paradise Trilogy,243811
Paragraph 78 Collection,122780
Paranormal Activity Collection,41437
Paranormal Investigations Collection,294918
Parasyte Collection,385386
Parent Trap Collection,216395
Pater Brown Collection,221691
Patlabor Collection,98435
Patterns of Evidence Collection,719840
Patton Collection,609766
PAX Collection,535743
Paz! - Collezione,669710
Pecos Collezione,442424
Pee-wee's Collection,179244
Pelevin by Ginzburg Series,716198
Pelle og Proffen,387617
Penitentiary Collection,380822
Per Fly trilogien (Samling),289288
Percy Jackson Collection,179919
Perdiendo el norte - Colección,631506
Perfect Education Series,109141
Perinbaba (kolekce),647556
Perros Callejeros Trilogy,300448
Persona 3,340890
Pet Sematary Collection,10789
Peter Pan Collection,55422
Peter Rabbit Collection,595693
Peter the Great,470596
Peter Voss Filmreihe,554049
Peter-No-Tail Collection,699736
Petits Mouchoirs (Les),629597
Petterson and Findus Collection,524014
Pettson und Findus Collection,122343
Peyton Place Collection,744162
Phantasm Collection,47770
Philip Marlowe (Robert Mitchum) Collection,515268
Philo & Clyde Collection,168182
Philo Vance Collection,281097
Phineas and Ferb Collection,715146
Picture Perfect Mysteries,675255
Pido Dida Collection,714222
Pierino Collection,312882
Pikanchi Life Is Hard Collection,467860
Pippi Longstocking,11875
Piranha 3D Collection,104830
Piranha Collection,212279
Pirates Collection,19410
Pirates of the Caribbean Collection,295
Pitbull Collection,402380
Pitch Perfect Collection,306031
Planes Collection,270252
Planet of the Apes (Reboot) Collection,173710
Planet of the Apes (TV Movie Collection),522562
Planet of the Apes Original Collection,1709
Planet of the Sharks Collection,632619
Planeta singli - Collections,591346
Playgirls (kolekce),660755
Playing Dangerous,739871
Playing with Dolls,602483
"Poachers, Badgers and Sloe",280483
Pocahontas Collection,136214
Poison Ivy Collection,48188
Pokémon Collection,34055
Pokémon: Advanced Generation Collection,661025
Pokémon: Alternate Continuity Collection,661031
Pokémon: Best Wishes! Collection,661028
Pokémon: Diamond and Pearl Collection,661026
Pokémon: XY Collection,661029
Police Academy Collection,9338
Police Story Collection,269098
Polizeihauptmeister Krause Filmreihe,528052
Poltergeist Collection,10453
Pom Pom Collection,385387
Pooka Collection,689699
Porky's Collection,109592
Pororo Collection,618395
Poveri ma belli - Collezione,703760
Poveri Ma Ricchi - Collezione,602991
Power Rangers Collection,708816
Prancer Collection,534531
Predator Collection,399
Predators Short Films,704950
Prehysteria Collection,640872
Prep & Landing Collection,93788
Pretty Peaches,469522
Příběh Renáty Soukupové,511978
Princess Sofia Collection,288970
Prinzessin Lillifee Collection,122512
Prison On Fire Collection,298767
Problem Child Collection,180854
Project A Collection,189159
Project Itoh Collection,499070
Project Shadowchaser Collection,721992
Prom Night Collection,123255
Promedio Rojo Collection,513641
Prometheus Collection,135416
Prudence Collection,726479
Prudence et Bélisaire Beresford Collection,160792
Psy Collection,478947
Psych Collection,718934
Psycho Collection,119674
Psycho Cop,465250
Psycho-Pass: Sinners of the System Collection,559564
PTU Collection,171586
Public Enemy Collection,281882
Puella Magi Madoka Magica: The Movie,212166
Puff Collection,107546
Pulse Collection,124188
Pumping Iron Collection,245129
Pumpkinhead Collection,123256
Pumuckl Filmreihe,157995
Pup Star Collection,632822
Puppet Master Collection,107949
Pure Country Collection,558027
Pusher Collection,203910
Puss in Boots Collection,94602
Puss 'n Boots Collection,317299
Quarantine Collection,123932
Quatermass (Hammer series),123726
Quax Filmreihe,556556
Qué pena... - Colección,419049
Quentin Crisp Collection,487014
Qu'est-ce qu'on a fait au Bon Dieu ? - Saga,579870
Race Collection,259256
Rage and Honor Collection,412742
Ragini MMS Collection,457364
Raiders Collection,561978
Rambo Collection,5039
Rampage Collection,283417
Range Busters Series,301555
Ranma Collection,165743
Rape Zombie Collection,363386
Raped by an Angel Series,221910
Rapeman Collection,313607
Ratten - Collection,449511
Räuber Hotzenplotz Filmreihe,513843
Re:ZERO -Starting Life in Another World-,689287
Re-Animator Collection,98036
Rebel Highway,54906
Rebuild of Evangelion Collection,210303
Recess Collection,421084
Red Cliff Collection,96677
RED Collection,163902
Red Diaries,740560
Red Dog Collection,568294
Red Peony Gambler,119274
Red Ryder Collection,204080
Red Scorpion,514978
Red Shoe Diaries Collection,464696
Reeker Collection,297371
Refrain Blue,447472
Regalo di Natale - Collezione,441461
Relentless Collection,705731
Rendel Collection,547477
Rennschwein Rudi Rüssel,8858
Resident Evil Collection,17255
Resident Evil: Biohazard Collection,133352
Rest Stop Collection,286006
Return of the Living Dead Collection,101471
Revelation Road Collection,257090
Revenge of the Nerds Collection,48190
Rica Series,119238
Rich and Famous Collection,430503
Richard the Lionheart Collection,376527
Richie Rich Collection,167985
"Rico, Oskar 1, 2 & 3",442338
Ride Along Collection,376650
Riki-Oh - Collection,432399
Rimini Rimini Collection,529140
Ring of Fire Collection,122938
Ringo Collection,473730
Ringu Collection,93369
Rio Collection,229932
Ripper Collection,514972
Road House Collection,224976
Road to Collection,135441
Road Trip Collection,96679
Robbie the Reindeer Collection,595611
Robert Collection,479692
Robert Langdon Collection,115776
Robin Jones Gunn's Father Christmas Collection,492542
RoboCop Collection,5547
Robot Chicken: DC Comics (Collection),305576
Robot Chicken: Star Wars Collection,141748
Robot Collection,572498
Robot Jox Collection,349889
Robotech Collection,396839
Rock On Collection,557687
Rocky Collection,1575
Rodney Dangerfield: The Ultimate No Respect Collection,157591
Rogue Warfare Trilogy,653222
Rokudenashi Blues Collection,507388
Roland Hassel,328102
Rölli Collection,726945
Romancing the Stone Collection,89264
Romy and Michele Collection,732082
Rooster Cogburn Collection,584320
Rosamunde Pilcher: Vier Jahreszeiten,306002
Rosemary's Baby Collection,264338
Rough Riders Collection,205936
Roxy Hunter Collection,263206
Ruby Herring Mysteries Collection,632049
Rudolph the Red-Nosed Reindeer Collection,242587
Rugrats Collection,57129
Rumic World,361946
Running Out Of Time Collection,206072
Rurouni Kenshin Live-Action Collection,247028
Rush Hour Collection,90863
S.W.A.T. Collection,221111
Sabrina the Teenage Witch Collection,86346
Sadak Collection,603670
Sagar Alias Jackie Collection,415702
Saheb Biwi Aur Gangster Collection,256477
Sailor Moon Collection,263101
Saint Seiya Collection,109079
Saints and Soldiers Collection,306063
Sällskapsresorna,112537
Salt and Pepper Collection,458813
Sami Swoi Collection,240156
Sammy's Adventure Collection,166844
Samurai Cat Collection,595366
Samurai Collection,102452
Samurai Cop Collection,502828
Samurai Trilogy,377545
Samurai Wolf Collection,598375
Sangokushi Movie Collection,598771
Sanjuro Collection,627389
Sanshiro Sugata Collection,457550
Santa Baby Collection,134635
Santa Paws Collection,469648
Santa's Apprentice Collection,333000
Sapore di mare - Collezione,620519
"Sarah, Plain and Tall Collection",461937
Sarkar Collection,20970
Sartana Collection,393290
Satan’s Sword Trilogy,715941
Saturday Night Fever Collection,288280
'Saturn' Collection,138262
Save The Last Dance Collection,107469
Saviour of the Soul Collection,395581
Saw Collection,656
Saxána (kolekce),200350
Sazae-san Collection,707726
Scanners Collection,88574
Scarecrow Collection,419257
Scary Movie Collection,4246
Scenes From A Marriage Collection,745388
Schoolgirl Report Collection,304809
Schulz & Schulz Filmreihe,636936
Scooby-Doo Collection,86860
Scooby-Doo LEGO Collection,537236
Scooby-Doo Prequel Collection,633815
Scream Collection,2602
Screamers Collection,122017
Screwballs Collection,181502
Scuola di ladri - Collezione,41083
Scusa ma... - Collezione,573904
Second Bureau Collection,729188
Secret Agent 077 Collection,635517
See No Evil Collection,296872
Seed Collection,285879
Sergeant Körmy Collection,148320
Serial Teachers Collection,377491
Šermířské pohádky (kolekce),374650
Seven Dwarfs Collection,215606
Seventh Company Collection,93287
Sex and the City Collection,50457
Sex And Zen Collection,395591
Sex Up Filmreihe,259411
Shadow Boxing Collection,106011
Shadow Hunters series,491249
Shadow Warriors Collection,109044
Shaft (Reboot) Collection,608103
Shaft Collection,495
"Shake, Rattle & Roll Collection",527950
Shanghai Joe Collezione,418544
Shanghai Noon Collection,59567
Shaolin Temple Collection,184977
Shark Attack,389867
Sharkboy and Lavagirl Collection,727089
Sharknado Collection,286023
Sharktopus Collection,370374
Sharkwater Collection,539773
Sharpe Collection,69788
Shaun the Sheep Collection,624521
Shazam! Collection,724848
She Collection,123717
Sheep & Wolves Collection,518754
Sherlock Holmes (Basil Rathbone) Collection,478628
Sherlock Holmes (Ian Richardson) Collection,522043
Sherlock Holmes (Matt Frewer) Collection,522048
Sherlock Holmes (Tiger Aspect Productions) Collection,522047
Sherlock Holmes Collection,102322
Sherlock Holmes: The Golden Years Collection,459434
Shiloh Collection,331475
Shinjuku Swan Collection,454657
Shinobi No Mono Collection,160677
Shootfighter Collection,398000
Shootout Collection,738438
Short Circuit Collection,86347
Showgirls Collection,247294
Shrek Collection,2150
Shubh Mangal Collection,675455
Sicario Collection,496796
Sides of the Bed,330892
Sieben Jahre... Filmreihe,557265
"Signed, Sealed, Delivered Collection",418326
Sijjin Film Series,529534
Silent Hill Collection,64748
"Silent Night, Deadly Night Collection",256296
Šimon a Matouš (kolekce),623980
Simon Brenner Collection,76291
Sin City Collection,135179
Sing Collection,544670
Singham Collection,286951
Single Santa Seeks Mrs. Claus Collection,662550
Single White Female Collection,338282
Sinister Collection,357173
Sissi Collection,456
Sister Act Collection,103573
Sister Street Fighter Collection,334563
Six Degrees of Celebration Collection,107465
Six Swedes Collection,330524
Skeleton Key Collection,282117
Ski School Collection,351228
Skyline Collection,484312
Slam Dunk Collection,525026
Slap Shot Collection,261526
Slayers - Movie Collection,145553
SLC Punk,592064
Sleepaway Camp Collection,47391
Sleepy Eyes of Death Collection,460969
Slime City Collection,425280
Small Claims Collection,707824
Smokey and the Bandit Collection,87220
Smokin' Aces Collection,96680
Snake Eater Collection,218104
Sniper Collection,14246
Snoevsen,336957
Snow Collection,134633
Snow Queen Collection,374930
Soccer Dog Collection,658929
Solomon's Perjury,356724
Sometimes They Come Back Collection,168545
Son of Batman Collection,334996
Sonic The Hedgehog Collection,720879
Soof Collection,725887
Sophie Scholl Collection,710419
Sound! Euphonium Collection,567611
Space 1999 Movie Collection,491688
Space Battleship Yamato 2199 Collection,460845
Space Battleship Yamato Collection,460467
Space Chimps Collection,118828
Space Dogs,265865
Space Jam Collection,722961
Space Pirate Captain Harlock Collection,454520
Spanish Affair Collection,388180
SPEC（系列）,681177
Species Collection,9887
Speed Collection,43064
Spenser Collection,681327
Spessart Collection,158888
Spider-Man (Avengers) Collection,531241
Spider-Man Collection,556
Spider-Man: Spider-Verse Collection,573436
Spiders - Collection,382113
SPL Collection,436982
Splash Collection,248126
SpongeBob Collection,275402
Spud Collection,253537
Spy Kids Collection,86486
St. Trinian's Collection,12077
Stake Land Collection,473843
Stakeout Collection,162028
Stalked by My Doctor Collection,645617
Stand by Me Doraemon,728776
Star Crash Collection,325798
Star Trek: Alternate Reality Collection,115575
Star Trek: The Next Generation Collection,115570
Star Trek: The Original Series Collection,151
Star Wars Collection,10
Star Wars: The Ewok Adventures Collection,133830
Stargate Collection,44215
Stars 80 Collection,533603
Starship Troopers Collection,10522
State Property Collection,124879
Steel Rain Collection,619571
Step Up Collection,86092
Stepford Collection,374384
Stir of Echoes Collection,143757
Stomp the Yard Collection,160727
Stop the Bitch Campaign,315689
Storm Series,470522
Strangled Collection,726515
Stray Cat Rock Collection,119234
Stray Dogz Collection,442920
Street Fighter (Animated) Collection,190435
Street Kings Collection,124881
StreetDance Collection,206559
Strike Commando Collection,537303
Stripped to Kill,592674
Stuart Little Collection,99727
Studer Filmreihe,724664
Style Collection,750654
Subspecies Collection,103291
Suicide Club Collection,721280
Suicide Room Collection,690423
Suicide Squad Collection,531242
Suit Yourself or Shoot Yourself Collection,514490
Sumuru,366380
Sunes samtliga Resor,333154
Sunny,526660
Super Size Me Collection,475802
Super Troopers Collection,449462
Superman (DC Universe Animated) Collection,404770
Superman / Batman (Animated) Collection,290933
Superman Collection,8537
Surf's Up Collection,436295
Svensson Svensson (samling),717822
Swamp Thing Collection,87228
Sweat Punch,365291
Święta polskie - Kolekcja,621239
Swordsman Collection,44917
Szeleburdi család gyűjtemény,219737
Szerelem első vérig,517107
Täällä Pohjantähden alla (Edvin Laine),463070
Täällä Pohjantähden alla (Timo Koivusalo),463068
Tada's Do-It-All Collection,367092
Tai Chi Collection,161373
Taiyou no Ko,741589
Takashi Miike's Black Society Trilogy,445332
Takashi Miike's Family saga,474219
Takashi Miike's We're No Angels series,478299
Takashi Miike's Young Thugs series,477050
Taken Collection,135483
Tales from the Crypt Collection,115142
Tales From the Hood Collection,551890
Tales From the Neverending Story,708271
Tales of the Bizarre,482857
Tamara Collection,534079
Tamayura: Sotsugyou Shashin,374207
Tammy Collection,664273
Tanguy - Saga,622394
Tanokin Super Hit Series,549796
Tanu Weds Manu Collection,341455
Tarkan Serisi,664358
Tarzan (Animation) Collection,106768
Tarzan (Gordon Scott) Collection,360344
Tarzan (Jack Mahoney) Collection,108660
Tarzan (Johnny Weissmuller) Collection,65249
Tarzan (Lex Barker) Collection,360342
Tarzan (Mike Henry) Collection,360346
Taunuskrimi,364508
Taxi Collection,211721
Team Batista Series,469145
Team Thor Collection,729425
Ted Collection,266672
Teddy Bear - Collection,562816
Teen Beach Collection,408196
Teen Titans Collection,466894
Teen Titans Go! Collection,689974
Teen Wolf Collection,43066
Teenage Apocalypse Trilogy,259398
Teenage Mutant Ninja Turtles (Remake) Collection,401562
Teenage Mutant Ninja Turtles Collection,1582
Tekken Collection,294172
TekWar Collection,175763
Tempelriddernes skat Collection,205497
Ten Minutes Older... (Collection),369005
Tenchi Muyô Collection,199141
Tengen Toppa Gurren Lagann Collection,23453
Terms of Endearment Collection,507956
Terrifier,727761
Terrifying Girls' High School Series,119236
Terror Within Collection,744694
Texas Chainsaw (Reboot) Collection,425175
Texas Chainsaw Massacre Collection,111751
That's Entertainment Collection,208602
The 100-Year Old Man Collection,501772
The 36th Chamber of Shaolin Collection,108125
The ABCs of Death Collection,207632
The Addams Family (animated) Collection,750822
The Adventures of Antoine Doinel,185682
The Adventures of Erast Fandorin,93446
The Adventures of Mickey Matson Collection,386491
The Adventures of Tad Jones,492969
The Adventures of Tintin Collection,728411
The Adventures of Young Indiana Jones Collection,222049
The Alexandria Trilogy,716025
The Amazing Colossal Man Collection,394258
The Amazing Spider-Man Collection,125574
The Amazing Spider-Man TV Collection,225941
The Amityville Collection,397842
The Angel Collection,161314
The Angry Birds Collection,531315
The Animatrix,712859
The Apple Dumpling Gang Collection,87232
The Apple Family Plays,708424
The Apu Trilogy,158391
The Are We Collection,176118
The Arrival Collection,116661
The Art of War Collection,25410
The Avengers Collection,86311
The Aztec Mummy Collection,510834
The Babysitter Collection,737382
The Bad News Bears Collection,215326
The Baron Collection,734326
The Benchwarmers Collection,632730
The Benji Collection,424830
The Best Man Collection,243598
The Bible Explorer Series,409096
The Big Bottom Box,268014
The Big Brother Collection,218402
The Bill Douglas Trilogy,167716
The Bionic Collection,283728
The Birds Collection,690952
The Black List,506374
The Black Mask Collection,205860
The Black Stallion Collection,405393
The Blind Dead Collection,108170
The Blob Collection,422193
The Bloodthirsty Trilogy,303851
The Blue Lagoon Collection,59586
The Blues Brothers Collection,112636
The Boogeyman Collection,96937
The Boogeyman Collection,715105
The Boondock Saints Collection,87186
The Boss Baby Collection,519457
The Bourne Collection,31562
The Bowery Boys,415931
The Boxcar Children Collection,540660
The Boy Collection,666337
The Boys of St. Vincent,519910
The Brady Bunch Collection,224478
The Brady Bunch TV Movie Collection,661699
The Brave Archer Collection,205675
The Brave Little Toaster Collection,141282
The Bridge Collection,451539
The Bronx Warriors Trilogy,324371
The Brotherhood Collection,262086
The Bunglers Collection,123588
The Butterfly Effect Collection,52749
The Car Collection,629358
The Cell Collection,223564
the chasing world,745180
The Cheerleaders Collection,308153
The Cheetah Girls Collection,425880
The Christmas Chronicles Collection,743824
The Chronicles of Narnia Collection,420
The Chronicles of Riddick Collection,2794
The ChubbChubbs Collection,169851
The Circuit Collection,405317
The Collector Collection,165369
The Comedians Of Comedy Collection,157626
The Comics Collection,256953
The Condemned Collection,375228
The Confidence Man JP,657351
The Conjuring Collection,313086
The Corman-Poe Cycle Collection,687019
The Corporation Collection,747566
The Count of Monte Cristo (Pierre Richard-Willm) Collection,699234
The Crazy Cats Collection,708213
The Crazy Companies Collection,401189
The Creeper Collection,547910
The Cremaster Cycle,142717
The Crime Doctor Collection,86227
The Criminals Collection,362294
The Crimson Rivers Collection,3963
The Crocodiles Collection,120169
The Croods Collection,464577
The Crossing Collection,295274
The Crow Collection,9436
The Curse Collection (1987-1991),744915
The Cutlass Collection,285428
The Cutting Edge Collection,110179
The Cycling Collection,645602
The Damned Collection,746434
The Dark Knight Collection,263
The Dead Collection,294226
The Death of Superman Collection,593251
The Debt Collector Collection,709271
The Decalogue,37452
The Decline of Western Civilization Collection,157671
The Delta Force Collection,126166
The Dentist Collection,117952
The Descent Collection,87258
The Detective Collection,239011
The Devil in Miss Jones Collection,551162
The Devil's Carnival Collection,476071
The Dino Shows,331088
The Dirty Dozen Collection,124492
The Disappearance Of Eleanor Rigby Collection,446782
The Divine Move Collection,633664
The Doberman Gang Collection,598314
The Doctor Series,192486
The Dog Who Saved Christmas Collection,147765
The Doll,632912
The Donald Strachey Collection,166563
The Dukes of Hazzard (Reboot) Collection,332357
The Dukes of Hazzard Collection,520591
The Durango Kid,402457
The Emigrants Collection,308465
The Emperor's New Groove Collection,178117
The Encounter Collection,168949
The Endless Summer Collection,252313
The Equalizer Collection,523855
The Étoile Collection,518066
The Executioner duology,463813
The Exorcist Collection,12263
The Expendables Collection,126125
The Exterminator Collection,284024
The Eye Collection,264335
The Fable,734521
The Falcon Series,47630
The Famous Five,180513
The Fast and the Furious Collection,9485
The Fjällbacka Murders,245326
The Flicka Collection,100992
The Flintstones Collection,351684
The Flirting Scholar Collection,332342
The Fly (1986) Collection,109609
The Fly Collection,123213
The Fontainhas Collection,699053
The Forbidden Legend: Sex And Chopsticks Collection,131868
The Foreigner Collection,308645
The Four Collection,252338
The Fox and the Hound Collection,100970
The Frogtown Collection,160468
The Fruit is Ripe Series,680723
The Gabriels: Election Year in the Life of One Family,622044
The Gallows Collection,506363
The Game trilogy,464007
The Garden of Sinners Collection,23240
The Gate Collection,340623
The Gathering Storm,604827
The Gidget Collection,145494
The Gingerdead Man Collection,138968
The Gingko Bed Collection,284733
The Girl - Millennium Collection,575987
The Glass House Collection,520790
The Godfather Collection,230
The Gods Must Be Crazy Collection,87805
The Good Witch Collection,87251
The Great Gildersleeve Collection,466475
The Gremlins Collection,89151
The Grudge Collection,1974
The Gruffalo Collection,129748
The Grump Collection,499382
The Guyver Collection,280562
The Hailey Dean Mysteries Collection,667188
The Hamiltons Collection,264339
The Hangover Collection,86119
The Hannibal Lecter Collection,9743
The Happy Hooker Collection,427944
The Haunted Cop Shop Collection,398801
The Haunting in Connecticut Collection,169740
The Heroic Trio Collection,156240
The Hills Have Eyes (Original) Collection,267922
The Hills Have Eyes (Reboot) Collection,8918
The Hire,113589
The Hitcher Collection,476054
The Hitman's Bodyguard Collection,608101
The Hobbit Collection,121938
The Hobgoblin Collection,429826
The Hocus Pocus Collection,751156
The Hoodlum Soldier Collection,459460
The Horror Convention Massacre,489680
The Hospital Collection,413102
The Houses October Built Collection,478328
The Howling Collection,174218
The Human Centipede Collection,96671
The Human Condition Collection,85473
The Hunchback of Notre Dame Collection,97456
The Hunger Games Collection,131635
The Hunt for Eagle One Collection,703777
The Hunters Collection,137913
The Huntsman Collection,393379
The Hustler Collection,387219
The Immortal Wars Collection,565841
The Inbetweeners Collection,279959
The Incredible Hulk (TV Movie) Collection,114431
The Incredibles Collection,468222
The Indian Tomb,190043
The Indian Tomb (CCC Film) Collection,378025
The Indian Tomb (Richard Eichberg-Film GmbH) Collection,212113
The Inspector Wears Skirts Collection,284100
The Invisible Man Collection,259401
The Invoking Collection,497534
The Irony of Fate Collection,107473
The Jack Dee Collection,168385
The Jack Ryan Collection,192492
The Jake Gittes Collection,359005
The Jennifer Found Footage Collection,531675
The Joy Collection,611230
The Joys of Torture Collection,119240
The Jungle Book Collection,97459
The Karate Kid Collection,8580
The Kiddy Grade Collection,151305
The Killer Eye Collection,749405
The King of Minami Returns,540185
The Kingdom,205977
The Kissing Booth Collection,726619
The Klapisch Trilogy,239766
The Kolchak Collection,554677
The Land Before Time Collection,19163
The Last Exorcism Collection,177675
The Last House on the Left Collection,629830
The Last Picture Show and Texasville,751961
The Lawnmower Man Collection,124935
The Legend Collection,122945
The Lego Batman Movie Collection,696630
The Lego Movie Collection,325470
The Librarian Collection,85890
The Lion King Collection,94032
The Little Mermaid Collection,33085
The Little Polar Bear Collection,9088
The Lone Ranger (Clayton Moore) Collection,460292
The Lord of the Rings Animated Collection,141290
The Lord of the Rings Collection,119
The Lost Skeleton Collection,158373
The Lost World Collection,585662
The Lyons Collection,123799
The Magick Lantern Cycle,53043
The Magnificent Seven Collection,110021
The Man from Earth Collection,464270
The Man From Snowy River Collection,89272
The Man from U.N.C.L.E. Collection,435805
The Man in White Collection,750651
The Man with the Iron Fists Collection,334356
The Mangler Collection,374418
The Marine Collection,166373
The Mark Collection,324458
The Mask Collection,43072
The Matrix Collection,2344
The Maze Runner Collection,295130
The Meg Collection,742536
The Mesrine Collection,85945
The Messengers Collection,164395
The Mighty Ducks Collection,10709
The Millennium Collection,24761
The Mistress of Atlantis (G.W. Pabst),711290
The Modesty Blaise Collection,113635
The Monkey King Collection,392206
The Motivation,721793
The Mummy (Hammer) Collection,138965
The Mummy (Universal) Collection,221544
The Mummy Collection,1733
The Muppet Collection,256377
The Musketeers Collection,87631
The Mysterians Collection,491769
The National Shotgun Collection,705369
The Net Collection,328073
The Neverending Story Collection,91430
The New Adventures of Aladin Collection,579012
The Nibelungen (CCC Remake) Collection,342009
The Nigger Charley Collection,201932
The Night Before Exams - Collection,514992
The Note Collection,741682
The Nunsense Collection,265611
The Nut Job Collection,464308
The Nutty Boy Collection,567630
The Nutty Professor Collection,86028
The Odd Couple Collection,221966
The Olsen Gang Collection,11118
The Omen Collection,10919
The One-Armed Swordsman Collection,201548
The Option Collection,403699
The Orphic Trilogy,84923
The Other Side of Heaven Collection,663273
The Other Side of the Mountain,738519
The Outlaws Collection,373998
The Outlaws Collection,619802
The Pact Collection,292068
The Paleface Collection,456980
The Party Collection,41649
The Phantom of the Opera Collection,694598
The Philadelphia Experiment Collection,145784
The Philip Lovecraft Collection,702997
The Pink Panther (Original) Collection,937
The Pink Panther (Steve Martin) Collection,130440
The Poseidon Adventure Collection,372257
The President's Man Collection,257899
The Prince & Me Collection,86334
The Princess and the Pea,416935
The Princess Diaries Collection,107674
The Princess Switch Collection,713330
The Prophecy Collection,9068
The Prostitute Trilogy,456734
The Protector Collection,251970
The Punisher Collection,635362
The Purge Collection,256322
The Raid Collection,257960
The Rally Collection,664709
The Raven Collection,185010
The Red Phone Collection,727595
The Red Riding Trilogy,291090
The Reef Collection,205029
The Rescuers Collection,57971
The Reunion Collection,311102
The Ring Collection,14563
The Ringer Collection,631439
The Road to Calvary - Trilogy,587281
The Rockford Files Collection,492873
The Rocky Horror Picture Show Collection,694606
The Rutles Collection,255702
The Sabata Collection,321065
The Saint  (RKO) Collection,86224
The Sally Lockhart Mysteries Collection,468039
The Sandlot Collection,87214
The Santa Clause Collection,53159
The Scorpion King Collection,116669
The Secret Agent's Collection,142523
The Secret Garden Collection,462565
The Secret Life of Pets Collection,427084
The Secret Of NIMH Collection,141292
The Seven Deadly Sins (Anime),703485
The Sex Files,432207
The Shadow Collection,105075
The Shaggy Dog Collection,294519
The Shamer's Daughter Collection,590010
The Sheriff and the Satellite Kid Collection,351721
The Shining Collection,530064
The Sinbad Collection,321063
The Sisterhood of the Traveling Pants Collection,17368
The Six Million Dollar Man Collection,384040
The Skateboard Kid - Collection,727666
The Skulls Collection,8647
The Slumber Party Massacre Collection,138971
The Smurfs (Animated) Collection,125577
The Smurfs (Theatrical) Collection,134897
The Society of the Spectacle Collection,677551
The Sorority House Massacre Collection,138974
The Souvenir Collection,583369
The Space Odyssey Series,4438
The Spiders Serial,189295
The Spiritual Boxer Collection,385650
The State of the World,713832
The Stepfather Collection,138706
The Sting Collection,330605
The Storm Riders Collection,146532
The Stranger Collection,527817
The Stranger collection,702646
The Strangers Collection,487765
The Street Fighter Collection,48829
The Substitute Collection,143766
The Suicide Manual Collection,660759
The Swan Princess Collection,144200
The Sweeney Movie Collection,270156
The Swordsman Collection,353006
The Taisho Trilogy,668451
The Tall Blond Man Collection,105764
The Terminator Collection,528
The Terrorism Trilogy collection,687879
The Thin Man Collection,47814
The Thing Collection,479888
The Thinning Collection,554930
The Three Brothers Collection,283733
The Three Investigators Collection,10460
The Three Mesquiteers Collection,392686
The Three Mothers Collection,127280
The Three Musketeers (Silent era),707853
The Toxic Avenger Collection,32135
The Transporter Collection,9518
The Trip Collection,309300
The Trolls Collection,489724
The Troops Collection,718511
The Truth Collection,726281
The Twilight Collection,33514
The Twins Effect Collection,192541
The Ultimate Collection,269190
The Underdog Knight Collection,385719
The Under-Gifted Collection,215293
The Unnamable Collection,685489
The Untold Story Collection,686791
The Up Collection,95051
The Urotsukidoji Collection,113592
The Valdemar Legacy Collector,74473
The Vampire Chronicles Collection,217704
The Vanished Collection,556249
The Visitors Collection,52888
The Water Margin Collection,201835
The Water of the Hills,464784
The Water of the Hills Collection,39460
The Wedding March Collection,521615
The Whistler collection,33381
The White Storm Collection,644309
The Whole Nine/Ten Yards Collection,103577
The Wild Geese Collection,321061
The Wild Soccer Bunch Collection,11173
The Wind in the Willows - Collection,711264
The Wives Collection,599649
The Wixxer Trilogy,68589
The Wolf Man Collection,259027
The Wolverine Collection,453993
The Woman in Black Collection,315560
The Work and the Glory Collection,243738
The Worricker Collection,260601
The Written Off Collection,581242
The X Files Collection,19387
The Yakuza Papers Collection,191023
The Yes Men Collection,475520
Theo Gromberg Filmreihe,329132
Thermae Romae Collection,385717
They Call Me Bruce Collection,315750
Think Like a Man Collection,239430
This is America Collection,227541
Thomas & Friends Collection,89135
Thor Collection,131296
Those Magnificent Men in Their...,752614
Thou Shalt Laugh Collection,98448
Three Colors Collection,131
Three Extremes Collection,498418
Three Heroes Collection,122123
Three Kingdoms Collection,736590
Three Musketeers Collection,105597
Three Steps Above Heaven Collection,141649
Thumbs! Collection,100415
Thunder in Paradise Collection,425881
Thunderbirds (Supermarionation) Collection,306882
Tiger Cage Collection,204930
Tiger Claws Collection,205678
Tiger Collection,485645
Tiger on the Beat Collection,344563
Till Luck Do Us Part Collection,342577
Timecop Collection,170452
Tinker Bell Collection,315595
To All the Boys Collection,569738
"To Sir, with Love Collection",327598
Todd McFarlane's Spawn,184225
Tödliche Geheimnisse,472922
Tokyo Decadence,227147
Tokyo Ghoul Movie Collection,551278
Tom and Jerry in Oz Collection,739616
Tom Sawyer/Huck Finn Filmreihe,549872
Tomb Raider (Reboot) Collection,621142
Tomb Raider Collection,2467
Tomie Collection,139394
Tomme Tønner Collection,316324
Tomtar och Trolltyg Collection,104774
Tony Rome Collection,544982
Tooth Fairy Collection,222634
Top Gun Collection,531330
Topper Collection,438087
Torakku Yarō,472399
Tora-san Series,435347
Torchy Blane,393326
Torrente Collection,2248
Torrente X,693545
Toseinin Collection,633541
Towa no Quon,499073
Toy Story Collection,10194
Train to Busan Collection,619537
Trainspotting Collection,424202
Trancers Collection,47627
Transformers Collection,8650
Transforming Human Series,730098
Transylvanians Trilogy,620931
Trapped in the Closet,19262
Trekkies Collection,509686
Tremors Collection,91799
Tresko,339433
Tři spory (kolekce),726909
Trick Collection,326369
Trilogie,194752
Trilogy Marseillaise,201260
Trilogy of Terror Collection,188458
Trinity Collection,583555
Trois,754381
Troll Collection,123218
TRON Collection,63043
Troublesome Night Collection,403643
True Justice,291268
True North Collection,553902
Tsatsiki Collection,571174
Tulse Luper,3292
Turbulence Collection,166379
Twitches Collection,263106
Twittering Birds Never Fly  Collection,741633
Ukraine Trilogy,441443
Uli Filmreihe,638931
Ultimate Avengers Collection,286904
Ultimo Collection,123735
Ulzana Collection,730293
Umizaru Collection,185627
Un éléphant ça trompe énormément,351667
"Un Franco, 14 pesetas - Duología",320095
Unbroken Collection,725873
Under Siege Collection,112399
Underbelly Files Collection,708740
Undercover Brother Collection,645393
Underworld Collection,2326
Undisputed Collection,117777
Unfriended Collection,506355
Universal Soldier Collection,10713
Unna Trilogy,703277
Unofficial Ghosthouse Series,123289
Unseen Evil Collection,726337
Unstable Fables Collection,114993
Urban Legend Collection,52760
Ursus collection,432254
Urusei Yatsura,354164
USA: Land of Opportunities Collection,1952
Ushijima the Loan Shark Collection,524155
Uuno Turhapuro,148324
V/H/S Collection,207621
V8 Collection,399925
Vacaciones de terror - Colección,343728
Vacancy Collection,86112
Vacanze di Natale Collection,658925
Vado a vivere da solo Collection,529232
"Vai Trabalhar, Vagabundo",429229
Valami Amerika gyűjtemény,147220
Válečná trilogie,311005
Vampire Boys Collection,256746
Vampire Hunter D Collection,122952
Vampires Collection,348843
Vampires Suck Collection,278920
Vampiros en La Habana - Colección,624906
Van Helsing Collection,109608
Vanishing Son Collection,372993
Vares Collection,101646
Varg Veum Collection,97156
Vašátko a Horác (kolekce),579938
Väter allein zu Haus Collection,729646
Venom Collection,558216
Vi på Saltkråkan,511119
Vice Academy Collection,314638
Vincke & Verstuyf trilogy,691371
Violence Jack Collection,213150
Violent Shit Collection,242275
Virgil Tibbs Collection,492896
Virgin Hunters Collection,710303
Virgin Soldiers Collection,398596
Vishwaroopam Collection,654203
Vitello,658950
Vixens Collection,294834
Viy Collection,428046
Vorzimmer zur Hölle Filmreihe,231172
Wachtmeister Studer (Hans Heinz Moser) Filmreihe,724663
Wachtmeister Studer Filmreihe,685236
Waiting Collection,93731
Waldheimat,717592
Walker Series,485512
Walking Tall (Reboot) Collection,299748
Walking Tall Collection,157504
Wall Street Collection,52783
Wallace & Gromit Collection,529
Wallander,284326
Wallander samling (Rolf Lassgård),315944
Walter & Carlo: Daddy's 4 Movies (Collection),231909
War and Peace Collection,504490
War of the Worlds Collection,201061
WarGames Collection,151263
Warlock Collection,87536
Warriors of Virtue Collection,174407
Watchers Collection,721889
Wave / Quake Collection,535748
Waxwork Collection,126220
Wayne's World Collection,8979
We Are From The Future Collection,165778
Weather Woman Collection,724715
Weekend at Bernie's Collection,118221
Welcome Collection,401655
Wendy Collection,547736
Werner Collection,9500
Westworld Collection,166698
What a Wonderful Family Collection,507035
What the Bleep! Collection,476065
When a Stranger Calls Collection,276838
Whispering Corridors Collection,131780
Whistling Collection,435108
White Collar Hooligan Collection,297142
White Crane Chronicles,192974
White Fang Collection,178654
White Noise Collection,102777
Why Did I Get Married Collection,143588
Why We Fight,158365
Wicked Priest Collection,463385
Wickie Collection,133962
Wiener Dog Nationals Collection,435798
Wild Chicks Collection,122404
Wild Orchid Collection,5202
Wild Things Collection,33059
Wild Wild West,123640
Willard Collection,375886
Willi Filmreihe,646041
Willy Wuff,165309
Win Garano Collection,539062
Windstorm Collection,334414
Wings Collection,586539
Winnerbäck Collection,715859
Winnetou - The myth lives,432479
Winnetou Collection,9309
Wir haben gar kein ... Filmreihe,284672
Wishmaster Collection,135489
Witch Mountain Collection,90348
Witchboard Collection,168186
Witchcraft Collection,203029
Without a Paddle Collection,146534
Wizards of the Lost Kingdom - Collection,544508
Wizards of Waverly Place Collection,413935
Wodehouse P.G. Collection,122778
Wolf Creek Collection,268098
Wolf Warrior Collection,471435
WolfCop Collection,533711
Wonder Woman Collection,468552
World of Watches Collection,3106
Would I Lie to You? Collection,115840
Wreck-It Ralph Collection,404825
Wrong Turn Collection,52985
X-Men Collection,748
Xtro Collection,114915
xXx Collection,52785
Yakuza Deka Collection,499097
Yakuza Ladies series,520945
Yamakasi - Collection,107471
Yamla Pagla Deewana Collection,362878
Yokai Monsters Series,724871
Yo-kai Watch Movie Collection,689266
Yossi Collection,409138
You Got Served Collection,353721
Young And Dangerous Collection,155408
Young Guns Collection,9329
Young Mother Series,698392
Yu-Gi-Oh Collection,600207
Yumurcak Serisi,664376
Yuppies Collection,123576
Z pekla štěstí (kolekce),204504
Zanna Bianca Collection,283775
Zapped Collection,137766
Zärtliche Chaoten Filmreihe,429611
Zatoichi: The Blind Swordsman Collection,96887
"Ze Inconnus Story - Le bôcoup meilleur, l'intégrale",76918
Zeitgeist Collection,96682
Zenon Collection,321148
Zero Woman Collection,256374
Zimmer mit Stall Filmreihe,690428
Zip & Zap - Colection,433140
Zombi Collection,133923
Zombie Massacre Collection,568449
Zombieland Collection,537982
Z-O-M-B-I-E-S Collection,683698
Zona del silencio Collection,546206
Zoolander Collection,352789
Zorn - Filmreihe,650667
Zorro (Silent era),707724
Zorro Collection,1657
Zsaruvér és Csigavér gyűjtemény,349404
Zu Warriors Collection,385721
Zulu Collection,374386
